grand_prix,circuit,winner_name,year
Hungary,Hungaroring,Fernando Alonso,2003
Malaysia,Sepang International Circuit,Fernando Alonso,2005
Sakhir,Sahkir,Fernando Alonso,2005
San Marino,Imola,Fernando Alonso,2005
Germany,Nürburgring,Fernando Alonso,2005
France,Circuit de Nevers Magny Cours,Fernando Alonso,2005
Germany,Hockenheimring,Fernando Alonso,2005
China,Shanghai,Fernando Alonso,2005
Sakhir,Sahkir,Fernando Alonso,2006
Australia,Melbourne,Fernando Alonso,2006
Spain,Catalunya,Fernando Alonso,2006
Monaco,Monte Carlo,Fernando Alonso,2006
Great Britain,Silverstone,Fernando Alonso,2006
Canada,Montreal,Fernando Alonso,2006
Japan,Suzuka,Fernando Alonso,2006
Malaysia,Sepang International Circuit,Fernando Alonso,2007
Monaco,Monte Carlo,Fernando Alonso,2007
Canada,Montreal,Lewis Hamilton,2007
United States,Indianapolis Motor Speedway,Lewis Hamilton,2007
Germany,Nürburgring,Fernando Alonso,2007
Hungary,Hungaroring,Lewis Hamilton,2007
Italy,Monza,Fernando Alonso,2007
Japan,Fuji Speedway,Lewis Hamilton,2007
Australia,Melbourne,Lewis Hamilton,2008
Monaco,Monte Carlo,Lewis Hamilton,2008
Great Britain,Silverstone,Lewis Hamilton,2008
Germany,Hockenheimring,Lewis Hamilton,2008
Singapore,Singapore,Fernando Alonso,2008
Japan,Fuji Speedway,Fernando Alonso,2008
China,Shanghai,Lewis Hamilton,2008
Hungary,Hungaroring,Lewis Hamilton,2009
Singapore,Singapore,Lewis Hamilton,2009
Sakhir,Sahkir,Fernando Alonso,2010
Turkiye,Istanbul Park,Lewis Hamilton,2010
Canada,Montreal,Lewis Hamilton,2010
Germany,Hockenheimring,Fernando Alonso,2010
Belgium,Spa-Francorchamps,Lewis Hamilton,2010
Italy,Monza,Fernando Alonso,2010
Singapore,Singapore,Fernando Alonso,2010
South Korea,Korea International Circuit,Fernando Alonso,2010
China,Shanghai,Lewis Hamilton,2011
Great Britain,Silverstone,Fernando Alonso,2011
Germany,Nürburgring,Lewis Hamilton,2011
Abu Dhabi,Yas Marina Circuit,Lewis Hamilton,2011
Malaysia,Sepang International Circuit,Fernando Alonso,2012
Canada,Montreal,Lewis Hamilton,2012
Spain,Valencia Street Circuit,Fernando Alonso,2012
Germany,Hockenheimring,Fernando Alonso,2012
Hungary,Hungaroring,Lewis Hamilton,2012
Italy,Monza,Lewis Hamilton,2012
United States,Austin,Lewis Hamilton,2012
China,Shanghai,Fernando Alonso,2013
Spain,Catalunya,Fernando Alonso,2013
Hungary,Hungaroring,Lewis Hamilton,2013
Malaysia,Sepang International Circuit,Lewis Hamilton,2014
Sakhir,Sahkir,Lewis Hamilton,2014
China,Shanghai,Lewis Hamilton,2014
Spain,Catalunya,Lewis Hamilton,2014
Great Britain,Silverstone,Lewis Hamilton,2014
Italy,Monza,Lewis Hamilton,2014
Singapore,Singapore,Lewis Hamilton,2014
Japan,Suzuka,Lewis Hamilton,2014
Russia,Sochi Autodrom,Lewis Hamilton,2014
United States,Austin,Lewis Hamilton,2014
Abu Dhabi,Yas Marina Circuit,Lewis Hamilton,2014
Australia,Melbourne,Lewis Hamilton,2015
China,Shanghai,Lewis Hamilton,2015
Sakhir,Sahkir,Lewis Hamilton,2015
Canada,Montreal,Lewis Hamilton,2015
Great Britain,Silverstone,Lewis Hamilton,2015
Belgium,Spa-Francorchamps,Lewis Hamilton,2015
Italy,Monza,Lewis Hamilton,2015
Japan,Suzuka,Lewis Hamilton,2015
Russia,Sochi Autodrom,Lewis Hamilton,2015
United States,Austin,Lewis Hamilton,2015
Spain,Catalunya,Max Verstappen,2016
Monaco,Monte Carlo,Lewis Hamilton,2016
Canada,Montreal,Lewis Hamilton,2016
Austria,Spielberg,Lewis Hamilton,2016
Great Britain,Silverstone,Lewis Hamilton,2016
Hungary,Hungaroring,Lewis Hamilton,2016
Germany,Hockenheimring,Lewis Hamilton,2016
United States,Austin,Lewis Hamilton,2016
Mexico,Mexico City,Lewis Hamilton,2016
Brazil,Interlagos,Lewis Hamilton,2016
Abu Dhabi,Yas Marina Circuit,Lewis Hamilton,2016
China,Shanghai,Lewis Hamilton,2017
Russia,Sochi Autodrom,Valtteri Bottas,2017
Spain,Catalunya,Lewis Hamilton,2017
Canada,Montreal,Lewis Hamilton,2017
Austria,Spielberg,Valtteri Bottas,2017
Great Britain,Silverstone,Lewis Hamilton,2017
Belgium,Spa-Francorchamps,Lewis Hamilton,2017
Italy,Monza,Lewis Hamilton,2017
Singapore,Singapore,Lewis Hamilton,2017
Malaysia,Sepang International Circuit,Max Verstappen,2017
Japan,Suzuka,Lewis Hamilton,2017
United States,Austin,Lewis Hamilton,2017
Mexico,Mexico City,Max Verstappen,2017
Abu Dhabi,Yas Marina Circuit,Valtteri Bottas,2017
Azerbaijan,Baku,Lewis Hamilton,2018
Spain,Catalunya,Lewis Hamilton,2018
France,Circuit Paul Ricard,Lewis Hamilton,2018
Austria,Spielberg,Max Verstappen,2018
Germany,Hockenheimring,Lewis Hamilton,2018
Hungary,Hungaroring,Lewis Hamilton,2018
Italy,Monza,Lewis Hamilton,2018
Singapore,Singapore,Lewis Hamilton,2018
Russia,Sochi Autodrom,Lewis Hamilton,2018
Japan,Suzuka,Lewis Hamilton,2018
Mexico,Mexico City,Max Verstappen,2018
Brazil,Interlagos,Lewis Hamilton,2018
Abu Dhabi,Yas Marina Circuit,Lewis Hamilton,2018
Australia,Melbourne,Valtteri Bottas,2019
Sakhir,Sahkir,Lewis Hamilton,2019
China,Shanghai,Lewis Hamilton,2019
Azerbaijan,Baku,Valtteri Bottas,2019
Spain,Catalunya,Lewis Hamilton,2019
Monaco,Monte Carlo,Lewis Hamilton,2019
Canada,Montreal,Lewis Hamilton,2019
France,Circuit Paul Ricard,Lewis Hamilton,2019
Austria,Spielberg,Max Verstappen,2019
Great Britain,Silverstone,Lewis Hamilton,2019
Germany,Hockenheimring,Max Verstappen,2019
Hungary,Hungaroring,Lewis Hamilton,2019
Belgium,Spa-Francorchamps,Charles Leclerc,2019
Italy,Monza,Charles Leclerc,2019
Russia,Sochi Autodrom,Lewis Hamilton,2019
Japan,Suzuka,Valtteri Bottas,2019
Mexico,Mexico City,Lewis Hamilton,2019
United States,Austin,Valtteri Bottas,2019
Brazil,Interlagos,Max Verstappen,2019
Abu Dhabi,Yas Marina Circuit,Lewis Hamilton,2019
Austria,Spielberg,Valtteri Bottas,2020
Styria,Red Bull Ring,Lewis Hamilton,2020
Hungary,Hungaroring,Lewis Hamilton,2020
Great Britain,Silverstone,Lewis Hamilton,2020
Great Britain,Silverstone,Max Verstappen,2020
Spain,Catalunya,Lewis Hamilton,2020
Belgium,Spa-Francorchamps,Lewis Hamilton,2020
Italy,Monza,Pierre Gasly,2020
Italy,Autodromo Internazionale del Mugello,Lewis Hamilton,2020
Russia,Sochi Autodrom,Valtteri Bottas,2020
Germany,Nürburgring,Lewis Hamilton,2020
Portugal,Algarve International Circuit,Lewis Hamilton,2020
Italy,Autodromo Internazionale Enzo e Dino Ferrari,Lewis Hamilton,2020
Turkiye,Istanbul Park,Lewis Hamilton,2020
Sakhir,Sahkir,Lewis Hamilton,2020
Sakhir,Sahkir,Sergio Perez,2020
Abu Dhabi,Yas Marina Circuit,Max Verstappen,2020
Sakhir,Sahkir,Lewis Hamilton,2021
Italy,Monza,Max Verstappen,2021
Portugal,Algarve International Circuit,Lewis Hamilton,2021
Spain,Catalunya,Lewis Hamilton,2021
Monaco,Monte Carlo,Max Verstappen,2021
Azerbaijan,Baku,Sergio Perez,2021
France,Circuit Paul Ricard,Max Verstappen,2021
Styria,Red Bull Ring,Max Verstappen,2021
Austria,Spielberg,Max Verstappen,2021
Great Britain,Silverstone,Lewis Hamilton,2021
Hungary,Hungaroring,Esteban Ocon,2021
Belgium,Spa-Francorchamps,Max Verstappen,2021
Netherlands,Zandvoort,Max Verstappen,2021
Russia,Sochi Autodrom,Lewis Hamilton,2021
Turkiye,Istanbul Park,Valtteri Bottas,2021
United States,Austin,Max Verstappen,2021
Mexico,Mexico City,Max Verstappen,2021
Brazil,Interlagos,Lewis Hamilton,2021
Qatar,Lusail,Lewis Hamilton,2021
Saudi Arabia,Jeddah,Lewis Hamilton,2021
Abu Dhabi,Yas Marina Circuit,Max Verstappen,2021
Sakhir,Sahkir,Charles Leclerc,2022
Saudi Arabia,Jeddah,Max Verstappen,2022
Australia,Melbourne,Charles Leclerc,2022
Italy,Autodromo Internazionale Enzo e Dino Ferrari,Max Verstappen,2022
United States,Miami,Max Verstappen,2022
Spain,Catalunya,Max Verstappen,2022
Monaco,Monte Carlo,Sergio Perez,2022
Azerbaijan,Baku,Max Verstappen,2022
Canada,Montreal,Max Verstappen,2022
Great Britain,Silverstone,Carlos Sainz,2022
Austria,Spielberg,Charles Leclerc,2022
France,Circuit Paul Ricard,Max Verstappen,2022
Hungary,Hungaroring,Max Verstappen,2022
Belgium,Spa-Francorchamps,Max Verstappen,2022
Netherlands,Zandvoort,Max Verstappen,2022
Italy,Monza,Max Verstappen,2022
Singapore,Singapore,Sergio Perez,2022
Japan,Suzuka,Max Verstappen,2022
United States,Austin,Max Verstappen,2022
Mexico,Mexico City,Max Verstappen,2022
Brazil,Interlagos,George Russell,2022
Abu Dhabi,Yas Marina Circuit,Max Verstappen,2022
Sakhir,Sahkir,Max Verstappen,2023
Saudi Arabia,Jeddah,Sergio Perez,2023
Australia,Melbourne,Max Verstappen,2023
Azerbaijan,Baku,Sergio Perez,2023
United States,Miami,Max Verstappen,2023
Monaco,Monte Carlo,Max Verstappen,2023
Spain,Catalunya,Max Verstappen,2023
Canada,Montreal,Max Verstappen,2023
Austria,Spielberg,Max Verstappen,2023
Great Britain,Silverstone,Max Verstappen,2023
Hungary,Hungaroring,Max Verstappen,2023
Belgium,Spa-Francorchamps,Max Verstappen,2023
Netherlands,Zandvoort,Max Verstappen,2023
Italy,Monza,Max Verstappen,2023
Singapore,Singapore,Carlos Sainz,2023
Japan,Suzuka,Max Verstappen,2023
Qatar,Lusail,Max Verstappen,2023
United States,Austin,Max Verstappen,2023
Mexico,Mexico City,Max Verstappen,2023
Brazil,Interlagos,Max Verstappen,2023
United States,Austin,Max Verstappen,2023
Abu Dhabi,Yas Marina Circuit,Max Verstappen,2023
Sakhir,Sahkir,Max Verstappen,2024
Saudi Arabia,Jeddah,Max Verstappen,2024
Australia,Melbourne,Carlos Sainz,2024
Japan,Suzuka,Max Verstappen,2024
China,Shanghai,Max Verstappen,2024
United States,Miami,Lando Norris,2024
Italy,Autodromo Internazionale Enzo e Dino Ferrari,Max Verstappen,2024
Monaco,Monte Carlo,Charles Leclerc,2024
Canada,Montreal,Max Verstappen,2024
Spain,Catalunya,Max Verstappen,2024
Austria,Spielberg,George Russell,2024
Great Britain,Silverstone,Lewis Hamilton,2024
Hungary,Hungaroring,Oscar Piastri,2024
Belgium,Spa-Francorchamps,Lewis Hamilton,2024
Netherlands,Zandvoort,Lando Norris,2024
Italy,Monza,Charles Leclerc,2024
Azerbaijan,Baku,Oscar Piastri,2024
Singapore,Singapore,Lando Norris,2024
United States,Austin,Charles Leclerc,2024
Mexico,Mexico City,Carlos Sainz,2024
Brazil,Interlagos,Max Verstappen,2024
United States,Las Vegas,George Russell,2024
Qatar,Lusail,Max Verstappen,2024
Abu Dhabi,Yas Marina Circuit,Lando Norris,2024
Australia,Melbourne,Lando Norris,2025
China,Shanghai,Oscar Piastri,2025
Japan,Suzuka,Max Verstappen,2025
Sakhir,Sahkir,Oscar Piastri,2025
Saudi Arabia,Jeddah,Oscar Piastri,2025
United States,Miami,Oscar Piastri,2025
Italy,Autodromo Internazionale Enzo e Dino Ferrari,Max Verstappen,2025
Monaco,Monte Carlo,Lando Norris,2025
Spain,Catalunya,Oscar Piastri,2025
Canada,Montreal,George Russell,2025
Austria,Spielberg,Lando Norris,2025
Great Britain,Silverstone,Lando Norris,2025
Belgium,Spa-Francorchamps,Oscar Piastri,2025
Hungary,Hungaroring,Lando Norris,2025
Netherlands,Zandvoort,Oscar Piastri,2025
Italy,Monza,Max Verstappen,2025
Azerbaijan,Baku,Max Verstappen,2025
Singapore,Singapore,George Russell,2025
United States,Austin,Max Verstappen,2025
Mexico,Mexico City,Lando Norris,2025
Brazil,Interlagos,Lando Norris,2025
United States,Las Vegas,Max Verstappen,2025
Qatar,Lusail,Max Verstappen,2025
Abu Dhabi,Yas Marina Circuit,Max Verstappen,2025
